{
  "timestamp": "20251031_141832",
  "architecture": [
    1,
    8,
    8,
    1
  ],
  "training_history": {
    "loss": [
      1.1014008522033691,
      1.0872319170406886,
      1.2081565771784102,
      1.2176917791366577,
      1.1796830126217432,
      0.9337393982069833,
      1.1184149043900626,
      1.1136838282857622,
      0.8134888155119759,
      0.8916200229099819,
      1.234621993133,
      1.1871066093444824,
      1.1803756611687797,
      0.8727332609040397,
      1.129010328224727,
      1.071917244366237,
      1.0582816771098547,
      0.9200414844921657,
      1.1423511079379491,
      1.128387681075505,
      1.06391784123012,
      0.9674524324280875,
      0.8944178904805865,
      1.0086729100772314,
      1.0847370965140206,
      1.1918924961771284,
      1.1451801231929235,
      1.0419495361191886,
      1.1425785848072596,
      1.0612258315086365,
      0.9470123989241463,
      1.120158885206495,
      0.9918914352144513,
      1.150227665901184,
      0.9654464040483747,
      1.2728617531912667,
      1.3392816015652247,
      1.087327778339386,
      0.8640608191490173,
      0.9825403690338135,
      1.2049627304077148,
      0.9077321801866803,
      0.9741111738341195,
      1.025929834161486,
      1.0969607319150652,
      1.0485592229025704,
      1.302139597279685,
      0.8537830029215131,
      1.021086871623993,
      1.1029221330370222
    ],
    "kl": [
      274.84106009347096,
      274.85392107282365,
      274.875741141183,
      274.90283203125,
      274.9347403390067,
      274.9629124232701,
      274.9821254185268,
      274.99977329799106,
      275.0221644810268,
      275.0352216448103,
      275.0370396205357,
      275.03780691964283,
      275.0448782784598,
      275.05513654436385,
      275.0718035016741,
      275.0993216378348,
      275.12573678152904,
      275.14554704938615,
      275.16615077427457,
      275.1848362513951,
      275.1953866141183,
      275.2109375,
      275.22630092075894,
      275.2430943080357,
      275.2655988420759,
      275.2915823800223,
      275.32405744280135,
      275.3556387765067,
      275.3808288574219,
      275.4059273856027,
      275.4325735909598,
      275.4556318010603,
      275.4745875767299,
      275.49161638532365,
      275.5065438406808,
      275.52454921177457,
      275.5534929547991,
      275.5914524623326,
      275.6127232142857,
      275.6256670270647,
      275.6372549874442,
      275.6548549107143,
      275.67721121651783,
      275.70369611467635,
      275.726065499442,
      275.7395978655134,
      275.7484697614397,
      275.7668892996652,
      275.7816380092076,
      275.7923278808594
    ],
    "likelihood": [
      -29.92182581765311,
      -28.948636736188615,
      -31.92348371233259,
      -30.903944424220494,
      -29.142879758562362,
      -25.32348644733429,
      -28.361685616629465,
      -29.50565685544695,
      -21.22715319905962,
      -23.168957948684692,
      -28.340361186436244,
      -30.41063662937709,
      -32.08904150554112,
      -20.6274505342756,
      -28.652730805533274,
      -25.884695870535715,
      -27.627116135188512,
      -23.99651731763567,
      -28.482958112444198,
      -30.51649103845869,
      -26.936914648328507,
      -24.41922582898821,
      -22.949366978236608,
      -26.804426874433243,
      -25.734190804617747,
      -31.224243572780065,
      -29.434955869402206,
      -28.39609043938773,
      -29.836305482046946,
      -27.292710985456193,
      -24.791107858930314,
      -29.99967316218785,
      -26.002272537776403,
      -29.561791828700475,
      -24.84834882191249,
      -32.751980781555176,
      -36.21609851292202,
      -28.19936534336635,
      -20.700529711587087,
      -24.575391496930802,
      -31.782315390450613,
      -23.068624087742396,
      -24.749670369284495,
      -24.82979188646589,
      -25.692320551191056,
      -23.267268317086355,
      -32.55022212437221,
      -20.67122507095337,
      -26.62066807065691,
      -29.603670052119664
    ],
    "val_loss": []
  },
  "test_metrics": {
    "n_samples": 500,
    "acceptance_rate": 0.895,
    "metrics": {
      "mse": 0.6760163903236389,
      "rmse": 0.8222021590361089,
      "mae": 0.7250505685806274,
      "calibration_95": 0.07000000029802322,
      "mean_uncertainty": 0.09457845985889435,
      "std_uncertainty": 0.020275097340345383
    }
  },
  "model_info": {
    "n_parameters": 960,
    "device": "cpu"
  }
}