{
  "timestamp": "20251031_125755",
  "architecture": [
    1,
    10,
    10,
    1
  ],
  "training_history": {
    "loss": [
      1.3245694786310196,
      1.3416359350085258,
      1.2440613582730293,
      1.2817883789539337,
      1.1790138706564903,
      1.248926728963852,
      1.262723095715046,
      1.2629873976111412,
      1.3519399277865887,
      1.2982269749045372,
      1.348630204796791,
      1.2670984230935574,
      1.367802880704403,
      1.1668592244386673,
      1.3021556064486504,
      1.3254042863845825,
      1.365146216005087,
      1.1876637935638428,
      1.2750010751187801,
      1.2049941830337048,
      1.1928810514509678,
      1.2552115060389042,
      1.1274866946041584,
      1.2936276718974113,
      1.174423161894083,
      1.1218420192599297,
      1.1188328489661217,
      1.1654289290308952,
      1.2313290871679783,
      1.1756802648305893,
      1.2020094506442547,
      1.0985256060957909,
      1.2924805916845798,
      1.1730421520769596,
      1.1983378566801548,
      1.114714328199625,
      1.1963287070393562,
      1.3304114043712616,
      1.2125829942524433,
      1.2307152897119522,
      1.276659034192562,
      1.2322382554411888,
      1.1419009007513523,
      1.2300634048879147,
      1.2796790078282356,
      1.2427812963724136,
      1.2098626121878624,
      1.3508425615727901,
      1.2825905829668045,
      1.3651961013674736,
      1.3152554407715797,
      1.1759854443371296,
      1.176681987941265,
      1.2225989028811455,
      1.2025257535278797,
      1.2040720246732235,
      1.1613211557269096,
      1.1674090772867203,
      1.168060228228569,
      1.2467160373926163,
      1.142118263989687,
      1.151057381182909,
      1.2596673741936684,
      1.210204016417265,
      1.1164087019860744,
      1.2310764826834202,
      1.142680924385786,
      1.0723500177264214,
      1.294106848537922,
      1.134816825389862,
      1.17628663033247,
      1.2809344828128815,
      1.067035298794508,
      1.2117861360311508,
      1.2015365958213806,
      1.177967432886362,
      1.2198105789721012,
      1.178418681025505,
      1.1527891047298908,
      1.2344063632190228,
      1.2157178223133087,
      1.1290868446230888,
      1.1133957169950008,
      1.1770513132214546,
      1.0945512168109417,
      1.1353306211531162,
      1.151884164661169,
      1.1843017935752869,
      1.1868615448474884,
      1.1753558404743671,
      1.0741247162222862,
      1.270299207419157,
      1.1857448518276215,
      1.1162289939820766,
      1.105593629181385,
      1.3210910856723785,
      1.2291926965117455,
      1.0928554274141788,
      1.097096461802721,
      1.184633195400238
    ],
    "kl": [
      549.925609588623,
      550.0458946228027,
      550.1267356872559,
      550.2023544311523,
      550.2730712890625,
      550.380973815918,
      550.4744682312012,
      550.5566177368164,
      550.653133392334,
      550.7391624450684,
      550.7865104675293,
      550.8389320373535,
      550.893684387207,
      550.9397087097168,
      551.0147743225098,
      551.117259979248,
      551.200569152832,
      551.2573165893555,
      551.3232841491699,
      551.4194869995117,
      551.5335884094238,
      551.5992317199707,
      551.6881446838379,
      551.7991333007812,
      551.8929824829102,
      551.9727897644043,
      552.043571472168,
      552.0772705078125,
      552.1402587890625,
      552.2187767028809,
      552.294189453125,
      552.3427391052246,
      552.3973083496094,
      552.4533348083496,
      552.5210151672363,
      552.5579071044922,
      552.5790367126465,
      552.6345367431641,
      552.7168045043945,
      552.7934417724609,
      552.9044914245605,
      553.0031585693359,
      553.0771446228027,
      553.1536636352539,
      553.2666473388672,
      553.3554420471191,
      553.4295501708984,
      553.5220794677734,
      553.6292762756348,
      553.7404937744141,
      553.8484115600586,
      553.9777908325195,
      554.051082611084,
      554.1164779663086,
      554.1805572509766,
      554.2575759887695,
      554.327564239502,
      554.387378692627,
      554.4514579772949,
      554.5104179382324,
      554.5929527282715,
      554.6751747131348,
      554.736946105957,
      554.8383750915527,
      554.9514350891113,
      555.011173248291,
      555.0920562744141,
      555.1864013671875,
      555.2658386230469,
      555.3491249084473,
      555.4566497802734,
      555.5482521057129,
      555.6505699157715,
      555.7347526550293,
      555.817497253418,
      555.8911514282227,
      555.9318885803223,
      555.9859313964844,
      556.0450248718262,
      556.119556427002,
      556.1655578613281,
      556.2149124145508,
      556.301685333252,
      556.4071578979492,
      556.5119743347168,
      556.568058013916,
      556.6357345581055,
      556.6985893249512,
      556.7600173950195,
      556.8116989135742,
      556.8905410766602,
      556.9951133728027,
      557.1171798706055,
      557.222095489502,
      557.3050842285156,
      557.365348815918,
      557.4508781433105,
      557.5249443054199,
      557.587574005127,
      557.6407470703125
    ],
    "likelihood": [
      -35.78306269645691,
      -36.22276031970978,
      -33.04730278253555,
      -34.21018171310425,
      -31.22756803035736,
      -33.606372356414795,
      -33.750208139419556,
      -34.27382683753967,
      -36.860655307769775,
      -35.25509059429169,
      -36.856504678726196,
      -34.28824830055237,
      -37.22724449634552,
      -30.740217685699463,
      -35.411166310310364,
      -35.92526137828827,
      -36.79047691822052,
      -31.7126544713974,
      -34.596577405929565,
      -31.9360933303833,
      -31.54775643348694,
      -33.52836632728577,
      -29.509052991867065,
      -35.079285740852356,
      -31.047114729881287,
      -29.4309219121933,
      -29.442495465278625,
      -30.536362409591675,
      -32.90107464790344,
      -31.399731397628784,
      -31.797028303146362,
      -28.69739317893982,
      -34.54155659675598,
      -30.47946012020111,
      -32.0767205953598,
      -29.44862049818039,
      -32.08264434337616,
      -35.9795401096344,
      -32.16984283924103,
      -32.86670970916748,
      -34.555840730667114,
      -32.36090922355652,
      -30.054295301437378,
      -32.466583371162415,
      -34.88258999586105,
      -32.502968430519104,
      -31.933746814727783,
      -36.606565833091736,
      -34.81024360656738,
      -36.79773235321045,
      -35.50762963294983,
      -31.245476007461548,
      -31.126343846321106,
      -32.70493841171265,
      -31.248610019683838,
      -32.1013640165329,
      -30.86631202697754,
      -30.9860200881958,
      -30.775408387184143,
      -33.045206785202026,
      -30.058811902999878,
      -30.622380435466766,
      -33.551464915275574,
      -32.27625632286072,
      -29.3627108335495,
      -33.06973457336426,
      -29.234799206256866,
      -28.24940013885498,
      -34.45365035533905,
      -29.757375717163086,
      -30.879568934440613,
      -34.46465528011322,
      -27.783905863761902,
      -32.36841261386871,
      -32.224486231803894,
      -30.913979411125183,
      -32.657936573028564,
      -31.225720286369324,
      -30.442459225654602,
      -33.11571252346039,
      -31.85076403617859,
      -29.465999007225037,
      -29.06549060344696,
      -31.0530686378479,
      -28.734022200107574,
      -29.778493523597717,
      -30.547220945358276,
      -31.559654235839844,
      -31.485578298568726,
      -31.003953337669373,
      -28.10335123538971,
      -34.1378915309906,
      -31.317128539085388,
      -29.48249751329422,
      -28.540475368499756,
      -35.59054285287857,
      -32.78857338428497,
      -28.743015110492706,
      -28.334222376346588,
      -31.304208040237427
    ],