{
  "timestamp": "20251031_152502",
  "architecture": [
    1,
    10,
    10,
    1
  ],
  "training_history": {
    "loss": [
      1.4004154726862907,
      1.3489447571337223,
      1.262437842786312,
      1.4331644773483276,
      1.2122612781822681,
      1.215030387043953,
      1.3055979944765568,
      1.2926031053066254,
      1.5445354357361794,
      1.3644862584769726,
      1.3419766537845135,
      1.2843977212905884,
      1.3599627912044525,
      1.3975455164909363,
      1.3760939612984657,
      1.3451139219105244,
      1.3075466305017471,
      1.3152459748089314,
      1.437040500342846,
      1.396696038544178,
      1.4295921884477139,
      1.3202244974672794,
      1.2725419700145721,
      1.2218743115663528,
      1.1263775937259197,
      1.1375436298549175,
      1.2537401430308819,
      1.3088251128792763,
      1.3534386679530144,
      1.2478657700121403,
      1.4119038209319115,
      1.2542181052267551,
      1.259028349071741,
      1.205453734844923,
      1.3215506188571453,
      1.23869239538908,
      1.2825349569320679,
      1.2253878377377987,
      1.2026287764310837,
      1.2880988456308842,
      1.236264407634735,
      1.3063763789832592,
      1.2814883403480053,
      1.2416926696896553,
      1.3155747540295124,
      1.308105830103159,
      1.3308160938322544,
      1.2745293192565441,
      1.3171600997447968,
      1.0888262279331684,
      1.3461482338607311,
      1.2472990229725838,
      1.1948253102600574,
      1.2850616499781609,
      1.1879750452935696,
      1.1682480052113533,
      1.2060856893658638,
      1.291723556816578,
      1.3251504339277744,
      1.3312321119010448,
      1.1240315660834312,
      1.2292780056595802,
      1.280128214508295,
      1.351534478366375,
      1.2180523350834846,
      1.238647885620594,
      1.2500397451221943,
      1.2469028234481812,
      1.1677878946065903,
      1.1303933523595333,
      1.1624874845147133,
      1.2473318986594677,
      1.1077145747840405,
      1.2063648141920567,
      1.2595048137009144,
      1.2617074623703957,
      1.1990410275757313,
      1.1298497579991817,
      1.2575417570769787,
      1.1831686235964298,
      1.159892100840807,
      1.1957794427871704,
      1.129017986357212,
      1.1803318448364735,
      1.2941985242068768,
      1.1085129231214523,
      1.189774263650179,
      1.0527642667293549,
      1.2759759314358234,
      1.2267150841653347,
      1.1355150192975998,
      1.352736309170723,
      1.1016595475375652,
      1.231317337602377,
      1.1635484546422958,
      1.2463585585355759,
      1.2903888933360577,
      1.1853366494178772,
      1.322975642979145,
      1.239990707486868
    ],
    "kl": [
      549.8736457824707,
      549.9922180175781,
      550.1202049255371,
      550.2311630249023,
      550.3216819763184,
      550.4002265930176,
      550.4863128662109,
      550.5772972106934,
      550.7116088867188,
      550.8495903015137,
      550.9780006408691,
      551.0800895690918,
      551.1566200256348,
      551.2703819274902,
      551.3606033325195,
      551.4749908447266,
      551.5964508056641,
      551.6847648620605,
      551.7660865783691,
      551.881031036377,
      552.0260696411133,
      552.1394348144531,
      552.2402610778809,
      552.3318748474121,
      552.4031677246094,
      552.4688453674316,
      552.5610046386719,
      552.6227951049805,
      552.6778526306152,
      552.7813873291016,
      552.9035491943359,
      553.0026321411133,
      553.1044158935547,
      553.2078819274902,
      553.3102264404297,
      553.3880577087402,
      553.4603805541992,
      553.5677795410156,
      553.6518669128418,
      553.7226715087891,
      553.8333930969238,
      553.9674987792969,
      554.0888748168945,
      554.174430847168,
      554.2504043579102,
      554.3027496337891,
      554.3712310791016,
      554.4394378662109,
      554.5357131958008,
      554.6285247802734,
      554.6905937194824,
      554.7809677124023,
      554.8745384216309,
      554.9739723205566,
      555.0792922973633,
      555.1891098022461,
      555.270076751709,
      555.376106262207,
      555.4826889038086,
      555.5828399658203,
      555.6864356994629,
      555.7772598266602,
      555.8475036621094,
      555.9587516784668,
      556.0942420959473,
      556.2154884338379,
      556.3196296691895,
      556.4443893432617,
      556.5529556274414,
      556.6297035217285,
      556.7117385864258,
      556.8124580383301,
      556.9248008728027,
      556.9801902770996,
      557.0238838195801,
      557.103946685791,
      557.1717910766602,
      557.2499961853027,
      557.3235816955566,
      557.4004173278809,
      557.4850540161133,
      557.5546531677246,
      557.6261749267578,
      557.6687965393066,
      557.7316703796387,
      557.8225059509277,
      557.9097366333008,
      557.9954071044922,
      558.0515365600586,
      558.1360359191895,
      558.2192840576172,
      558.3035583496094,
      558.400318145752,
      558.447868347168,
      558.4965019226074,
      558.5745239257812,
      558.6939582824707,
      558.8054656982422,
      558.8703880310059,
      558.9449310302734
    ],
    "likelihood": [
      -38.748058676719666,
      -36.75533974170685,
      -33.69768977165222,
      -38.76617753505707,
      -32.20103919506073,
      -32.59031438827515,
      -35.383843541145325,
      -35.04499900341034,
      -42.70981419086456,
      -37.21223855018616,
      -36.595836877822876,
      -34.388251185417175,
      -36.903768658638,
      -38.33306169509888,
      -37.70859491825104,
      -36.396201848983765,
      -35.48443806171417,
      -35.40453565120697,
      -39.57702553272247,
      -37.94552385807037,
      -39.332977533340454,
      -35.07891798019409,
      -34.37581658363342,
      -32.75675415992737,
      -29.494794964790344,
      -29.517402410507202,
      -33.68580722808838,
      -35.33264517784119,
      -35.956451058387756,
      -33.79829102754593,
      -37.268277287483215,
      -33.85051238536835,
      -33.50685369968414,
      -32.26765042543411,
      -36.11401152610779,
      -33.43340468406677,
      -35.04785269498825,
      -32.90223067998886,
      -31.450807809829712,
      -34.64874494075775,
      -33.105106592178345,
      -34.364567041397095,
      -34.57493710517883,
      -33.08087742328644,
      -36.06040722131729,
      -35.237056374549866,
      -35.085365414619446,
      -33.62674868106842,
      -35.73861229419708,
      -28.651916086673737,
      -36.78938937187195,
      -33.49796861410141,
      -31.873478293418884,
      -34.37279915809631,
      -31.34060549736023,
      -31.283828675746918,
      -32.314364552497864,
      -34.60263955593109,
      -35.820109486579895,
      -35.79296004772186,
      -29.43335998058319,
      -32.91512191295624,
      -34.33182120323181,
      -36.63192981481552,
      -32.3552805185318,
      -33.172067403793335,
      -32.60898011922836,
      -33.67277950048447,
      -30.83904457092285,
      -29.646119832992554,
      -30.529290318489075,
      -33.472256779670715,
      -29.098410844802856,
      -32.44908148050308,
      -33.922945976257324,
      -33.58298587799072,
      -31.32171368598938,
      -29.622721433639526,
      -33.79308044910431,
      -31.697190284729004,
      -30.341737985610962,
      -31.765560746192932,
      -29.621341466903687,
      -31.501377403736115,
      -34.7638795375824,
      -28.64949917793274,
      -31.827139139175415,
      -27.420536637306213,
      -34.1293865442276,
      -32.82013463973999,
      -29.55387794971466,
      -36.62020242214203,
      -28.916382789611816,
      -33.253650426864624,
      -30.386515617370605,
      -33.3212114572525,
      -34.61189830303192,
      -31.352429509162903,
      -35.039488196372986,
      -33.013219475746155
    ],