{
  "timestamp": "20251031_182759",
  "architecture": [
    1,
    10,
    10,
    1
  ],
  "training_history": {
    "loss": [
      2.878323638692815,
      2.898067499728913,
      2.9397429303920015,
      2.8704602236443377,
      2.8527886867523193,
      2.8355865503879305,
      2.7615185899937407,
      2.7800147431962032,
      2.757209158958273,
      2.801337665699898,
      2.7758547321279,
      2.7733664715543704,
      2.7044466886114567,
      2.7324706113084836,
      2.730639267475047,
      2.717863787996008,
      2.6713422207122153,
      2.662065825563796,
      2.6512935973228293,
      2.5795986170464373,
      2.663126702004291,
      2.662990428031759,
      2.64079102810393,
      2.6499169025015323,
      2.6479229800244597,
      2.561218931319866,
      2.6039255984286043,
      2.59367129396885,
      2.5538286731598223,
      2.5308523583919444,
      2.5304116923758326,
      2.5103609232192343,
      2.602505640780672,
      2.499725080550985,
      2.5341430445934865,
      2.5221911795595857,
      2.5113574088887964,
      2.4930114568548,
      2.513390787104343,
      2.4916074098424708,
      2.4537821424768325,
      2.4505701141154512,
      2.415715402745186,
      2.432297135921235,
      2.458678529617634,
      2.3947729087890464,
      2.4493288537289235,
      2.4211764855587736,
      2.327858867797446,
      2.3717090056297625
    ],
    "kl": [
      549.1093250031167,
      547.731081049493,
      546.4193725585938,
      545.1969591505984,
      543.8782517453458,
      542.5996950839428,
      541.3718592866938,
      540.020868179646,
      538.6869338015292,
      537.3861577460107,
      536.1021390874336,
      534.8046978889628,
      533.4076603016955,
      532.0034075797872,
      530.5695677412317,
      529.2089194439827,
      527.7367754997091,
      526.3065984198388,
      524.7841926737035,
      523.2823668134973,
      521.7099070447556,
      520.1401165901347,
      518.466695582613,
      516.8636955098902,
      515.3885731798538,
      513.7743939338847,
      512.0752729050656,
      510.4061831210522,
      508.7063608372465,
      507.0687966854014,
      505.4382181370512,
      503.7271712282871,
      502.06043844020115,
      500.406377589449,
      498.67974626257063,
      496.93331324800533,
      495.13955428752496,
      493.32238866927776,
      491.41534456293635,
      489.695060892308,
      487.910310136511,
      485.92688442798374,
      484.0592943556765,
      482.158289483253,
      480.2335058983336,
      478.24958476614444,
      476.2797708714262,
      474.3783455706657,
      472.34007425511135,
      470.20326979616857
    ],
    "likelihood": [
      -36.93367582686404,
      -37.716744625822024,
      -39.09034331301425,
      -36.999429053448615,
      -36.57253970491125,
      -36.22150193884018,
      -33.92961871370356,
      -34.69250084491486,
      -34.079807606149224,
      -35.65161381376551,
      -34.91016958114949,
      -35.01792572914286,
      -32.952833693078226,
      -33.912601065128406,
      -34.0328776379849,
      -33.78975454289863,
      -32.42201928889498,
      -32.32367880800937,
      -32.085823322864286,
      -29.970067074958315,
      -32.76964254582182,
      -32.93432134263059,
      -32.39580539946861,
      -32.844105984302274,
      -32.92549131271687,
      -30.230553373377372,
      -31.872755913024253,
      -31.683824833403243,
      -30.575240033738158,
      -30.044289203400307,
      -30.18594839217815,
      -29.693277247408602,
      -32.808693419111535,
      -29.705167161657457,
      -30.977429055153056,
      -30.72997830776458,
      -30.60138267151853,
      -30.206953931362072,
      -31.05999112636485,
      -30.553388808635955,
      -29.503772045703645,
      -29.560091404204673,
      -28.655092239379883,
      -29.35783108244551,
      -30.41740591982578,
      -28.593532014400402,
      -30.52404342813695,
      -29.823132880190585,
      -27.020879593301327,
      -28.63355841535203
    ],
    "val_loss": [
      0.6544424238659087,
      0.6552341353325617,
      0.660654692422776,
      0.6562018479619708,
      0.6484649995016674,
      0.6486063443479084,
      0.658002908267672,
      0.6433316970628405,
      0.6491482655207316,
      0.6534038223917522,
      0.6433576553586929,
      0.6501403853060708,
      0.6495165602555351,
      0.6461031512608604,
      0.6427087296569158,
      0.6457019566543518,
      0.6444802478192344,
      0.6399817783681173,
      0.6388338846819741,
      0.6442777046135494,
      0.6434318763869149,
      0.6397091202319615,
      0.6342177878296564,
      0.6379677355289459,
      0.6448111813219767,
      0.6420338002462236,
      0.6348266563718281,
      0.6323877549360669,
      0.6419069880530948,
      0.6425187970910754,
      0.6399648700441632,
      0.6345571601201617,
      0.6396701600816515,
      0.6419465423576416,
      0.6364855586536347,
      0.638419740256809,
      0.6383112139172025,
      0.6327182376195514,
      0.6294964069411868,
      0.6295863844099499,
      0.6294270001706623,
      0.6278410908721742,
      0.6449841785998571,
      0.641675530445008,
      0.6333610964199853,
      0.6374792414052146,
      0.6376033311798459,
      0.6446578758103507,
      0.6419417579022665,
      0.6389591291783348
    ]
  },
  "test_metrics": {
    "mse": 0.6309749484062195,
    "rmse": 0.7943393156619024,
    "mae": 0.7130752205848694,
    "calibration_95": 0.8429999947547913,
    "mean_uncertainty": 0.5467258095741272,
    "std_uncertainty": 0.014529993757605553
  },
  "model_info": {
    "n_parameters": 1920,
    "device": "cpu"
  }
}