{
  "timestamp": "20251031_154704",
  "architecture": [
    1,
    10,
    10,
    1
  ],
  "training_history": {
    "loss": [
      6.563343942165375,
      6.50048440694809,
      6.409024178981781,
      6.569806456565857,
      6.344105213880539,
      6.336665332317352,
      6.424252301454544,
      6.391176164150238,
      6.605805963277817,
      6.466406852006912,
      6.477854520082474,
      6.3678359389305115,
      6.45652049779892,
      6.399460464715958,
      6.435238569974899,
      6.434000790119171,
      6.309089303016663,
      6.25807985663414,
      6.467774152755737,
      6.3620613515377045,
      6.324160486459732,
      6.252160966396332,
      6.259380251169205,
      6.279131084680557,
      6.088122338056564,
      6.153189599514008,
      6.26858913898468,
      6.371825098991394,
      6.306423485279083,
      6.1830646097660065,
      6.375289589166641,
      6.275347590446472,
      6.243017464876175,
      6.117798388004303,
      6.214804857969284,
      6.226461559534073,
      6.142186552286148,
      6.079909533262253,
      6.091661661863327,
      5.987883388996124,
      6.240265816450119,
      6.258201241493225,
      6.10371932387352,
      6.011959344148636,
      6.012314260005951,
      6.082268595695496,
      6.019720524549484,
      6.018465936183929,
      6.152222245931625,
      6.11130091547966
    ],
    "kl": [
      549.0332527160645,
      547.8494987487793,
      546.8873634338379,
      545.9333152770996,
      544.9573860168457,
      543.9811325073242,
      543.033805847168,
      542.1002235412598,
      541.2104148864746,
      540.3354454040527,
      539.4523468017578,
      538.5609016418457,
      537.6440505981445,
      536.7572441101074,
      535.864673614502,
      534.9937896728516,
      534.1545448303223,
      533.2792434692383,
      532.389591217041,
      531.5191116333008,
      530.6708831787109,
      529.8054695129395,
      528.9239196777344,
      528.0495719909668,
      527.1474456787109,
      526.2429237365723,
      525.3593521118164,
      524.4744491577148,
      523.5931777954102,
      522.7114410400391,
      521.8107872009277,
      520.9185028076172,
      520.0626640319824,
      519.2157592773438,
      518.3495635986328,
      517.4713554382324,
      516.6078567504883,
      515.7601318359375,
      514.9134521484375,
      514.0637855529785,
      513.1995544433594,
      512.348310470581,
      511.5215473175049,
      510.6827144622803,
      509.8147201538086,
      508.90720558166504,
      508.0194797515869,
      507.14358711242676,
      506.2856101989746,
      505.4183464050293
    ],
    "likelihood": [
      -38.78804802894592,
      -36.79384994506836,
      -33.84403431415558,
      -38.906641602516174,
      -32.50678014755249,
      -32.864367961883545,
      -35.9093736410141,
      -35.21800071001053,
      -42.06012439727783,
      -37.9741153717041,
      -38.66586983203888,
      -35.18115985393524,
      -38.11030066013336,
      -36.86982262134552,
      -38.76989448070526,
      -38.187596678733826,
      -34.84913682937622,
      -33.521780490875244,
      -40.345462918281555,
      -37.228968501091,
      -36.289241790771484,
      -34.132829427719116,
      -35.010615944862366,
      -35.692062973976135,
      -29.70932698249817,
      -32.11040246486664,
      -36.536869049072266,
      -39.45375192165375,
      -37.765738010406494,
      -34.75439006090164,
      -39.46910357475281,
      -37.775765776634216,
      -36.72550880908966,
      -33.566216468811035,
      -36.79458224773407,
      -37.34286308288574,
      -35.3679581284523,
      -33.2197470664978,
      -33.77176332473755,
      -31.204342365264893,
      -38.95642602443695,
      -38.652506947517395,
      -35.41614305973053,
      -32.577006101608276,
      -33.1370455622673,
      -34.69197881221771,
      -32.98643684387207,
      -33.85181224346161,
      -38.515467047691345,
      -36.98533892631531
    ],
    "val_loss": [
      0.6680349281855992,
      0.6829767908368792,
      0.6514192989894322,
      0.6322464048862457,
      0.6251496502331325,
      0.6321053760392326,
      0.6536302013056619,
      0.6483836301735469,
      0.6541552330766406,
      0.6780396018709455,
      0.6551718413829803,
      0.6463243109839303,
      0.6377946308680943,
      0.6301473890032087,
      0.614113232919148,
      0.5916181547301156,
      0.6024761540549142,
      0.6177728218691689,
      0.6160554715565273,
      0.5940354679312024,
      0.5966591792447227,
      0.574202401297433,
      0.5774921732289451,
      0.5919371545314789,
      0.6012278369494847,
      0.6044847284044538,
      0.5988734577383313,
      0.5822675440992627,
      0.5853973286492484,
      0.5950857145445687,
      0.5716554054192134,
      0.5941498620169503,
      0.6089397413390023,
      0.6131640161786761,
      0.6024592135633741,
      0.5982792590345655,
      0.6059732692582267,
      0.6222352640969413,
      0.6193200434957232,
      0.6340180380003793,
      0.6114262981074197,
      0.6394890887396676,
      0.6179206967353821,
      0.6025014817714691,
      0.5977895515305656,
      0.5879759362765721,
      0.5825309753417969,
      0.5888009028775352,
      0.5921615830489567,
      0.5924673591341291
    ]
  },
  "test_metrics": {
    "mse": 0.6353152990341187,
    "rmse": 0.7970666841827719,
    "mae": 0.694210410118103,
    "calibration_95": 0.9800000190734863,
    "mean_uncertainty": 0.7555157542228699,
    "std_uncertainty": 0.0497932955622673
  },
  "model_info": {
    "n_parameters": 1920,
    "device": "cpu"
  }
}