{
  "timestamp": "20251031_175857",
  "architecture": [
    1,
    10,
    10,
    1
  ],
  "training_history": {
    "loss": [
      3.0044088810682297,
      2.951979324221611,
      2.865303486585617,
      3.036457285284996,
      2.8133058100938797,
      2.814551889896393,
      2.906434804201126,
      2.9021886438131332,
      3.1575897336006165,
      2.970401495695114,
      2.959545776247978,
      2.881032332777977,
      2.9758332073688507,
      2.9251405000686646,
      3.023188829421997,
      2.9554938673973083,
      2.8991365283727646,
      2.8599440902471542,
      2.8987919837236404,
      2.934174731373787,
      3.0081103444099426,
      2.8857924789190292,
      2.852380856871605,
      2.8830186873674393,
      2.759946033358574,
      2.7981307357549667,
      2.706291764974594,
      2.9072010666131973,
      2.932509958744049,
      2.927664816379547,
      2.9463249891996384,
      2.8018471151590347,
      2.9445939660072327,
      2.866538569331169,
      2.9358696788549423,
      2.743079036474228,
      2.984437182545662,
      2.890376999974251,
      2.796271398663521,
      2.8381127268075943,
      2.8822131901979446,
      2.932272329926491,
      2.91503643989563,
      2.7517987340688705,
      2.901111364364624,
      2.9280191361904144,
      2.8446109294891357,
      2.9269660860300064,
      2.839589148759842,
      2.933530494570732
    ],
    "kl": [
      549.5658760070801,
      549.2592887878418,
      549.0422401428223,
      548.8166427612305,
      548.5692520141602,
      548.311222076416,
      548.067798614502,
      547.8332405090332,
      547.6457252502441,
      547.4626197814941,
      547.2668838500977,
      547.0561485290527,
      546.8182792663574,
      546.6056289672852,
      546.3671340942383,
      546.1556625366211,
      545.9632034301758,
      545.728515625,
      545.4872932434082,
      545.2746963500977,
      545.0967216491699,
      544.9132957458496,
      544.6900177001953,
      544.4723320007324,
      544.2170944213867,
      543.9580726623535,
      543.7221565246582,
      543.4749183654785,
      543.2673835754395,
      543.0541687011719,
      542.8418502807617,
      542.6289901733398,
      542.4182891845703,
      542.2170639038086,
      542.0173759460449,
      541.8292541503906,
      541.6161918640137,
      541.4202651977539,
      541.2281303405762,
      541.0234794616699,
      540.7833633422852,
      540.5256576538086,
      540.294490814209,
      540.0665092468262,
      539.8169441223145,
      539.5608444213867,
      539.3181915283203,
      539.0650482177734,
      538.8542251586914,
      538.6362648010254
    ],
    "likelihood": [
      -38.763213992118835,
      -36.77388060092926,
      -33.730042934417725,
      -38.83057999610901,
      -32.236812353134155,
      -32.60043007135391,
      -35.46707475185394,
      -35.4389151930809,
      -43.31887352466583,
      -37.40963888168335,
      -37.250460147857666,
      -34.31363844871521,
      -37.562743186950684,
      -36.39299118518829,
      -39.50829374790192,
      -37.125595927238464,
      -35.15943765640259,
      -34.224021673202515,
      -35.461129665374756,
      -36.634012937545776,
      -38.886515974998474,
      -34.693374276161194,
      -34.2290717959404,
      -35.00649321079254,
      -30.67534828186035,
      -31.993202209472656,
      -29.616000950336456,
      -35.5341717004776,
      -36.14679616689682,
      -36.672250151634216,
      -36.982808351516724,
      -32.65788686275482,
      -36.938124895095825,
      -34.28391659259796,
      -37.09530532360077,
      -31.153931736946106,
      -38.56721043586731,
      -35.85038369894028,
      -32.33113610744476,
      -34.12838393449783,
      -35.64958333969116,
      -35.66282391548157,
      -36.16571307182312,
      -31.174235463142395,
      -36.32235759496689,
      -36.657857060432434,
      -33.89799451828003,
      -36.817866921424866,
      -34.20595622062683,
      -36.86956715583801
    ],
    "val_loss": [
      0.6678732591015952,
      0.6835185970578875,
      0.6503942906856537,
      0.6320873073169163,
      0.6215270715100425,
      0.6517923304012844,
      0.638719984463283,
      0.6398475297859737,
      0.6750570109912327,
      0.6719678299767631,
      0.6456441112927028,
      0.6540052550179618,
      0.6400838622025081,
      0.636159747838974,
      0.6482630627495902,
      0.5881974186216082,
      0.5932759642601013,
      0.6063895566122872,
      0.6027360515935081,
      0.6149036117962429,
      0.5836797314030784,
      0.6105630568095616,
      0.6045231052807399,
      0.5767241631235395,
      0.6160221440451485,
      0.6561310120991298,
      0.6322002325739179,
      0.6078263989516667,
      0.6125765655721936,
      0.6340965415750232,
      0.6175697786467416,
      0.6024338177272252,
      0.6111353167465755,
      0.6148616756711688,
      0.5916982633726937,
      0.622762667281287,
      0.6370261481830052,
      0.6356848733765739,
      0.6301345484597343,
      0.6345642038754055,
      0.6353280459131513,
      0.6638132376330239,
      0.6588489072663444,
      0.6468191317149571,
      0.6433251670428685,
      0.6161491785730634,
      0.6396912166050502,
      0.6330180977072034,
      0.6278349033423832,
      0.6262445407254356
    ]
  },
  "test_metrics": {
    "mse": 0.6388528347015381,
    "rmse": 0.7992827001140073,
    "mae": 0.6902539134025574,
    "calibration_95": 0.9150000214576721,
    "mean_uncertainty": 0.7049992084503174,
    "std_uncertainty": 0.04948222264647484
  },
  "model_info": {
    "n_parameters": 1920,
    "device": "cpu"
  }
}